Geschäftsnummer,Bestimmungsland,Güterart,Geschäftstyp,Richtung,Exportkontrollnummer [EKN],Wert [CHF]
8032870,Ägypten,Dual Use Güter,Einzelbewilligung,Ausfuhr,2B350.i,81927.3
8032850,Albanien,Dual Use Güter,Einzelbewilligung,Ausfuhr,2B001.a,3750
8032322,Australien,Dual Use Güter,Einzelbewilligung,Ausfuhr,5A002.a.1,1664
8031150,Bahrain,National kontrollierte Güter,Einzelbewilligung,Ausfuhr,5.1,4500
8031150,Bahrain,National kontrollierte Güter,Einzelbewilligung,Ausfuhr,5.1,2030
8031150,Bahrain,National kontrollierte Güter,Einzelbewilligung,Ausfuhr,5.1,1460
8031791,Belarus,"Dual Use Güter
Dual Use Güter",Einzelbewilligung,Ausfuhr,"1C210.a
1C010.b1",462.57
8031791,Belarus,"Dual Use Güter
Dual Use Güter",Einzelbewilligung,Ausfuhr,"1C210.a
1C010.b1",1052.62
8032698,Belarus,Dual Use Güter,Einzelbewilligung,Ausfuhr,2B001.d,57230
8032095,Belarus,National kontrollierte Güter,Einzelbewilligung,Ausfuhr,5.1,7208
8032095,Belarus,National kontrollierte Güter,Einzelbewilligung,Ausfuhr,5.1,7208
8032388,Belgien,Dual Use Güter,Einzelbewilligung,Ausfuhr,5A002.a1,1664
8032336,Belgien,Dual Use Güter,Einzelbewilligung,Ausfuhr,5D001.c,1
8032070,Bosnien-Herzegowina,"Dual Use Güter
Dual Use Güter",Einzelbewilligung,Ausfuhr,"2B001.b
2B201.a",5850
8031597,Bosnien-Herzegowina,"Dual Use Güter
Dual Use Güter",Einzelbewilligung,Ausfuhr,"2B001.b
2B201.a",11700
8031058,Bosnien-Herzegowina,Besondere militärische Güter,Einzelbewilligung,Ausfuhr,ML07.d,10740
8032182,Brasilien,Dual Use Güter,Einzelbewilligung,Ausfuhr,2B352.b,300864
8032106,Brasilien,Besondere militärische Güter,Einzelbewilligung,Ausfuhr,ML05,216763
8027322,Brasilien,Dual Use Güter,Einzelbewilligung,Ausfuhr,2B001.a,112043
8031494,Brasilien,Dual Use Güter,Einzelbewilligung,Ausfuhr,1C351.d11,261.4
8031943,Brasilien,National kontrollierte Güter,Einzelbewilligung,Ausfuhr,5.1,825
8031442,Brasilien,Dual Use Güter,Einzelbewilligung,Ausfuhr,1C351.d11,154
8031442,Brasilien,Dual Use Güter,Einzelbewilligung,Ausfuhr,1C351.d11,154.5
8031442,Brasilien,Dual Use Güter,Einzelbewilligung,Ausfuhr,1C351.d11,154
8031442,Brasilien,Dual Use Güter,Einzelbewilligung,Ausfuhr,1C351.d11,154
8032893,Brasilien,Dual Use Güter,Einzelbewilligung,Ausfuhr,1C351.d11,308
8032893,Brasilien,Dual Use Güter,Einzelbewilligung,Ausfuhr,1C351.d11,113
8032893,Brasilien,Dual Use Güter,Einzelbewilligung,Ausfuhr,1C351.d11,101.65
8032893,Brasilien,Dual Use Güter,Einzelbewilligung,Ausfuhr,1C351.d11,92
8032893,Brasilien,Dual Use Güter,Einzelbewilligung,Ausfuhr,1C351.d11,308
8032893,Brasilien,Dual Use Güter,Einzelbewilligung,Ausfuhr,1C351.d11,111
8032893,Brasilien,Dual Use Güter,Einzelbewilligung,Ausfuhr,1C351.d11,308
8032893,Brasilien,Dual Use Güter,Einzelbewilligung,Ausfuhr,1C351.d11,308
8032893,Brasilien,Dual Use Güter,Einzelbewilligung,Ausfuhr,1C351.d11,45
8032436,Brasilien,Dual Use Güter,Einzelbewilligung,Ausfuhr,2B001.a,568156.42
8032695,Bulgarien,Dual Use Güter,Einzelbewilligung,Ausfuhr,2B001.a,12733
8032962,Bulgarien,Dual Use Güter,Einzelbewilligung,Ausfuhr,2B001.b,5200
8032086,"China, Taiwan",Dual Use Güter,Einzelbewilligung,Ausfuhr,3A002.g2,104599
8032104,"China, Taiwan","Chemikalien CWÜ
Dual Use Güter",Einzelbewilligung,Ausfuhr,"3B.14
1C350.9",18612
8032696,"China, Taiwan","Dual Use Güter
Dual Use Güter",Einzelbewilligung,Ausfuhr,"2B001.b.2
2B201.a.1",418014
8032124,"China, Taiwan","Dual Use Güter
Dual Use Güter",Einzelbewilligung,Ausfuhr,"2B001
2B001.c",364000
8031458,"China, Taiwan",Besondere militärische Güter,Einzelbewilligung,Ausfuhr,ML05.b,46872
8032683,"China, Taiwan",Dual Use Güter,Einzelbewilligung,Ausfuhr,3B001.e,3905541
8032754,"China, Taiwan","Dual Use Güter
Dual Use Güter",Einzelbewilligung,Ausfuhr,"2B001.c
2B201.b",23000
8032946,"China, Volksrepublik",Dual Use Güter,Einzelbewilligung,Ausfuhr,2B350.d5,4546
8031070,"China, Volksrepublik","Dual Use Güter
Dual Use Güter",Einzelbewilligung,Ausfuhr,"2B001.b
2B201.a",2282400
8030619,"China, Volksrepublik",National kontrollierte Güter,Einzelbewilligung,Ausfuhr,5.1,22544
8030619,"China, Volksrepublik",National kontrollierte Güter,Einzelbewilligung,Ausfuhr,5.1,56360
8030619,"China, Volksrepublik",National kontrollierte Güter,Einzelbewilligung,Ausfuhr,5.1,112720
8030619,"China, Volksrepublik",National kontrollierte Güter,Einzelbewilligung,Ausfuhr,5.1,3984
8032646,"China, Volksrepublik",Dual Use Güter,Einzelbewilligung,Ausfuhr,3A002.h.1.d,35310
8022227,"China, Volksrepublik","Dual Use Güter
Dual Use Güter",Einzelbewilligung,Ausfuhr,"2B001.a
2B201.a",835000
8031452,"China, Volksrepublik",Dual Use Güter,Einzelbewilligung,Ausfuhr,3B001.e,1237936
8023254,"China, Volksrepublik",Dual Use Güter,Einzelbewilligung,Ausfuhr,2B001.d,246666
8032508,"China, Volksrepublik",Dual Use Güter,Einzelbewilligung,Ausfuhr,2B001.a,186275
8032081,"China, Volksrepublik",Dual Use Güter,Einzelbewilligung,Ausfuhr,7A101,615000
8032506,"China, Volksrepublik",Dual Use Güter,Einzelbewilligung,Ausfuhr,2B001.a,140813
8032774,"China, Volksrepublik",Dual Use Güter,Einzelbewilligung,Ausfuhr,2B001.a,222900
8032547,"China, Volksrepublik","Dual Use Güter
Dual Use Güter",Einzelbewilligung,Ausfuhr,"2B001.a1
2B201.c",252999.45
8032226,"China, Volksrepublik",Dual Use Güter,Einzelbewilligung,Ausfuhr,2B350.d5,36232
8031962,"China, Volksrepublik",Dual Use Güter,Einzelbewilligung,Ausfuhr,3A233,350000
8032416,"China, Volksrepublik",Dual Use Güter,Einzelbewilligung,Ausfuhr,3A001.A2C,253700
8030583,"China, Volksrepublik","Dual Use Güter
Dual Use Güter",Einzelbewilligung,Ausfuhr,"2B001.b
2B201.a",2074960
8032122,"China, Volksrepublik",Dual Use Güter,Einzelbewilligung,Ausfuhr,7A101,410000
8031844,"China, Volksrepublik","Dual Use Güter
Dual Use Güter",Einzelbewilligung,Ausfuhr,"2B001.b.2
2B201.a.1",393366
8027918,"China, Volksrepublik",Dual Use Güter,Einzelbewilligung,Ausfuhr,2B001.a,218000
8031205,"China, Volksrepublik",Dual Use Güter,Einzelbewilligung,Ausfuhr,3A002.g2,52416
8031917,"China, Volksrepublik",Dual Use Güter,Einzelbewilligung,Ausfuhr,2B231,774640
8032554,"China, Volksrepublik","Dual Use Güter
Dual Use Güter",Einzelbewilligung,Ausfuhr,"2B001.c1
2B201.b1",408000
8033013,"China, Volksrepublik",Dual Use Güter,Einzelbewilligung,Ausfuhr,5A002.a.1,28150
8030685,"China, Volksrepublik","Dual Use Güter
Dual Use Güter",Einzelbewilligung,Ausfuhr,"2B001.a
2B201.c",294913
8032510,"China, Volksrepublik",Dual Use Güter,Einzelbewilligung,Ausfuhr,2B001.a,186275
8031783,"China, Volksrepublik",Dual Use Güter,Einzelbewilligung,Ausfuhr,7A003.c1,967633.9
8028591,"China, Volksrepublik",Dual Use Güter,Einzelbewilligung,Ausfuhr,2B001.a,192000
8030721,"China, Volksrepublik","Dual Use Güter
Dual Use Güter",Einzelbewilligung,Ausfuhr,"2B001
2B201",1700000
8032511,"China, Volksrepublik",Dual Use Güter,Einzelbewilligung,Ausfuhr,2B001.a,130302
8031518,"China, Volksrepublik","Dual Use Güter
Dual Use Güter",Einzelbewilligung,Ausfuhr,"2B001.a1
2B201.c",223000
8032861,"China, Volksrepublik",Dual Use Güter,Einzelbewilligung,Ausfuhr,2B005.d,1338000
8031554,"China, Volksrepublik",Dual Use Güter,Einzelbewilligung,Ausfuhr,1C235,70000
8031554,"China, Volksrepublik",Dual Use Güter,Einzelbewilligung,Ausfuhr,1B231.a,2000
8031554,"China, Volksrepublik",Dual Use Güter,Einzelbewilligung,Ausfuhr,1B231.b2,11000
8032465,"China, Volksrepublik",Dual Use Güter,Einzelbewilligung,Ausfuhr,1C233,14000
8032944,"China, Volksrepublik",Dual Use Güter,Einzelbewilligung,Ausfuhr,3A002.h.1.a,7095
8032915,"China, Volksrepublik",Dual Use Güter,Einzelbewilligung,Ausfuhr,2B350.d5,7575
8032451,"China, Volksrepublik","Dual Use Güter
Dual Use Güter",Einzelbewilligung,Ausfuhr,"2B001.b.2
2B201.a.1",732446
8032516,"China, Volksrepublik",Dual Use Güter,Einzelbewilligung,Ausfuhr,2B001.a,130302
8032824,"China, Volksrepublik",Dual Use Güter,Einzelbewilligung,Ausfuhr,2B350.i10,767104
8032824,"China, Volksrepublik",Dual Use Güter,Einzelbewilligung,Ausfuhr,2B350.i10,1349670
8032824,"China, Volksrepublik",Dual Use Güter,Einzelbewilligung,Ausfuhr,2B350.i7,101225
8032824,"China, Volksrepublik",Dual Use Güter,Einzelbewilligung,Ausfuhr,2B350.i7,263022
8032824,"China, Volksrepublik",Dual Use Güter,Einzelbewilligung,Ausfuhr,2B350.i7,364817
8032824,"China, Volksrepublik",Dual Use Güter,Einzelbewilligung,Ausfuhr,2B350.i7,464970
8032824,"China, Volksrepublik",Dual Use Güter,Einzelbewilligung,Ausfuhr,2B350.i10,767104
8032824,"China, Volksrepublik",Dual Use Güter,Einzelbewilligung,Ausfuhr,2B350.i10,1135595
8032824,"China, Volksrepublik",Dual Use Güter,Einzelbewilligung,Ausfuhr,2B350.i7,100078
8032824,"China, Volksrepublik",Dual Use Güter,Einzelbewilligung,Ausfuhr,2B350.i7,123907
8032824,"China, Volksrepublik",Dual Use Güter,Einzelbewilligung,Ausfuhr,2B350.i10,224213
8032824,"China, Volksrepublik",Dual Use Güter,Einzelbewilligung,Ausfuhr,2B350.i7,98544
8032824,"China, Volksrepublik",Dual Use Güter,Einzelbewilligung,Ausfuhr,2B350.i10,224213
8031869,"China, Volksrepublik",Dual Use Güter,Einzelbewilligung,Ausfuhr,2B350.d5,176712
8028588,"China, Volksrepublik",Dual Use Güter,Einzelbewilligung,Ausfuhr,2B001.a,151500
8032834,"China, Volksrepublik",Dual Use Güter,Einzelbewilligung,Ausfuhr,2B350.d5,5844
8032942,"China, Volksrepublik",Dual Use Güter,Einzelbewilligung,Ausfuhr,2B201.a1,235624
8032914,"China, Volksrepublik",Dual Use Güter,Einzelbewilligung,Ausfuhr,2B350.d5,21921
8033011,"China, Volksrepublik",Dual Use Güter,Einzelbewilligung,Ausfuhr,3B001.e,2517830
8027930,"China, Volksrepublik",Dual Use Güter,Einzelbewilligung,Ausfuhr,4A004.b,264000
8027930,"China, Volksrepublik",Dual Use Güter,Einzelbewilligung,Ausfuhr,4A004.b,20000
8032433,"China, Volksrepublik",Dual Use Güter,Einzelbewilligung,Ausfuhr,6A005.b.6.a,269480
8031366,"China, Volksrepublik",Dual Use Güter,Einzelbewilligung,Ausfuhr,1C350.64,5168.8
8032517,"China, Volksrepublik",Dual Use Güter,Einzelbewilligung,Ausfuhr,2B001.a,166200
8026936,"China, Volksrepublik",Dual Use Güter,Einzelbewilligung,Ausfuhr,2B001.a,1050000
8032319,"China, Volksrepublik",Dual Use Güter,Einzelbewilligung,Ausfuhr,2B350.d5,491986
8032712,"China, Volksrepublik",Dual Use Güter,Einzelbewilligung,Ausfuhr,3A002.h.1.d,6095
8032666,"China, Volksrepublik",Dual Use Güter,Einzelbewilligung,Ausfuhr,5A002.a.1,12172.8
8032206,"China, Volksrepublik",Besondere militärische Güter,Einzelbewilligung,Ausfuhr,ML18,400000
8022861,"China, Volksrepublik","Dual Use Güter
Dual Use Güter",Einzelbewilligung,Ausfuhr,"2B001.b.2
2B201.a.1",379787
8031948,"China, Volksrepublik",Dual Use Güter,Einzelbewilligung,Ausfuhr,1B231.b2,3500
8031948,"China, Volksrepublik",Dual Use Güter,Einzelbewilligung,Ausfuhr,1C235,14500
8032443,"China, Volksrepublik",Dual Use Güter,Einzelbewilligung,Ausfuhr,2B001.a,106480
8032443,"China, Volksrepublik",Dual Use Güter,Einzelbewilligung,Ausfuhr,2B001.a,150330
8031488,"China, Volksrepublik","Dual Use Güter
Dual Use Güter",Einzelbewilligung,Ausfuhr,"2B001.b.2
2B201.a.1",239779
8031889,"China, Volksrepublik",Dual Use Güter,Einzelbewilligung,Ausfuhr,2B350.d5,31028
8031889,"China, Volksrepublik",Dual Use Güter,Einzelbewilligung,Ausfuhr,2B350.d5,37711
8032141,"China, Volksrepublik","Dual Use Güter
Dual Use Güter",Einzelbewilligung,Ausfuhr,"2B001.b
2B201.a",877725.33
8032976,"China, Volksrepublik",Dual Use Güter,Einzelbewilligung,Ausfuhr,9A012.a,261750
8032456,"China, Volksrepublik",Dual Use Güter,Einzelbewilligung,Ausfuhr,2D002,880
8032968,"China, Volksrepublik","Dual Use Güter
Dual Use Güter",Einzelbewilligung,Ausfuhr,"2B001.c1
2B201.b1",636613
8032948,"China, Volksrepublik",Dual Use Güter,Einzelbewilligung,Ausfuhr,2B350.d5,41936
8032948,"China, Volksrepublik",Dual Use Güter,Einzelbewilligung,Ausfuhr,2B350.d5,6949
8032947,"China, Volksrepublik",Dual Use Güter,Einzelbewilligung,Ausfuhr,2B350.d5,20523
8031685,"China, Volksrepublik",Dual Use Güter,Einzelbewilligung,Ausfuhr,2B201.a1,239999
8031095,"China, Volksrepublik",Besondere militärische Güter,Einzelbewilligung,Ausfuhr,ML17.c,321.1
8032748,Dänemark,National kontrollierte Güter,Einzelbewilligung,Ausfuhr,5.1,475
8032752,Deutschland,Dual Use Güter,Einzelbewilligung,Ausfuhr,2B001.a,47000
8032594,Deutschland,"Dual Use Güter
Dual Use Güter",Einzelbewilligung,Ausfuhr,"2B201.a
2B001.b",4950
8032120,Deutschland,Besondere militärische Güter,Einzelbewilligung,Ausfuhr,ML11,245000
8032120,Deutschland,Besondere militärische Güter,Einzelbewilligung,Ausfuhr,ML11,9100
8032099,Deutschland,Besondere militärische Güter,Einzelbewilligung,Ausfuhr,ML17.c,6384.9
8032284,Deutschland,National kontrollierte Güter,Einzelbewilligung,Ausfuhr,5.1,410
8032284,Deutschland,National kontrollierte Güter,Einzelbewilligung,Ausfuhr,5.1,10
8032634,Deutschland,Dual Use Güter,Einzelbewilligung,Ausfuhr,2B350.i4,5932
8031915,Deutschland,Dual Use Güter,Einzelbewilligung,Ausfuhr,1A004.a,3650
8031915,Deutschland,Dual Use Güter,Einzelbewilligung,Ausfuhr,1A004.b,330
8032323,Deutschland,Besondere militärische Güter,Einzelbewilligung,Ausfuhr,ML07.f1,5193
8032143,Deutschland,Dual Use Güter,Einzelbewilligung,Ausfuhr,1A004.b,11520.35
8032103,Deutschland,Dual Use Güter,Einzelbewilligung,Ausfuhr,2B201.a,2000
8032545,Deutschland,Dual Use Güter,Einzelbewilligung,Ausfuhr,5A002.a1,1108
8031660,Deutschland,Dual Use Güter,Einzelbewilligung,Ausfuhr,2B001.e1c,287141.39
8032278,Deutschland,Dual Use Güter,Einzelbewilligung,Ausfuhr,5A002.a.1,5878.8
8031773,Deutschland,Dual Use Güter,Einzelbewilligung,Ausfuhr,2B352.d,4449.02
8032583,Deutschland,Dual Use Güter,Einzelbewilligung,Ausfuhr,2B201.a,16073.49
8032982,Deutschland,Dual Use Güter,Einzelbewilligung,Ausfuhr,2B201.a,10634.65
8032632,Deutschland,Besondere militärische Güter,Einzelbewilligung,Ausfuhr,ML07.f1,32200
8031864,Deutschland,"Dual Use Güter
Dual Use Güter",Einzelbewilligung,Ausfuhr,"2B001.B
2B201.a",70000
8032037,Deutschland,Dual Use Güter,Einzelbewilligung,Ausfuhr,5A002.A1,67206
8032590,Deutschland,Besondere militärische Güter,Einzelbewilligung,Ausfuhr,ML14,15870
8032526,Deutschland,Dual Use Güter,Einzelbewilligung,Ausfuhr,2B001.a,23290
8032526,Deutschland,Dual Use Güter,Einzelbewilligung,Ausfuhr,2B001.d,1068
8032953,Deutschland,Besondere militärische Güter,Einzelbewilligung,Ausfuhr,ML06.a,3389.5
8031967,Deutschland,Besondere militärische Güter,Einzelbewilligung,Ausfuhr,ML17.c,56.6
8031664,Deutschland,Dual Use Güter,Einzelbewilligung,Ausfuhr,2B201.a,10550
8031664,Deutschland,Dual Use Güter,Einzelbewilligung,Ausfuhr,2B201.a,10550
8032467,Deutschland,Dual Use Güter,Einzelbewilligung,Ausfuhr,5A002.a1,8205
8032928,Deutschland,Dual Use Güter,Einzelbewilligung,Ausfuhr,3A001.a5a2,27200
8031969,Deutschland,Dual Use Güter,Einzelbewilligung,Ausfuhr,1A004.a,23580
8031969,Deutschland,Dual Use Güter,Einzelbewilligung,Ausfuhr,1A004.b,1228.5
8031969,Deutschland,Dual Use Güter,Einzelbewilligung,Ausfuhr,1A004.a,181.35
8032110,Deutschland,Dual Use Güter,Einzelbewilligung,Ausfuhr,2B201.a,4215
8032197,Deutschland,Dual Use Güter,Einzelbewilligung,Ausfuhr,5D001.a,100
8032971,Deutschland,"Dual Use Güter
Dual Use Güter",Einzelbewilligung,Ausfuhr,"2B001.b
2B201.a",7000
8032971,Deutschland,"Dual Use Güter
Dual Use Güter",Einzelbewilligung,Ausfuhr,"2B001.b
2B201.a",21600
8032091,Deutschland,Besondere militärische Güter,Einzelbewilligung,Ausfuhr,ML14,507.45
8032638,Deutschland,Dual Use Güter,Einzelbewilligung,Ausfuhr,5A002.a1,1664
8032668,Deutschland,"Dual Use Güter
Dual Use Güter",Einzelbewilligung,Ausfuhr,"2B001.b
2B201.a",5500
8031508,Deutschland,Dual Use Güter,Einzelbewilligung,Ausfuhr,5A002.a.1,2154
8031508,Deutschland,Dual Use Güter,Einzelbewilligung,Ausfuhr,5D002.c.1,12805
8032123,Deutschland,Dual Use Güter,Einzelbewilligung,Ausfuhr,2B201.a,6319
8032123,Deutschland,Dual Use Güter,Einzelbewilligung,Ausfuhr,2B201.a,10539
8031738,Deutschland,Dual Use Güter,Einzelbewilligung,Ausfuhr,1A004.b,548
8032161,Deutschland,Besondere militärische Güter,Einzelbewilligung,Ausfuhr,ML07.f1,78
8032856,Deutschland,Dual Use Güter,Einzelbewilligung,Ausfuhr,2B001.a,266
8032529,Deutschland,Dual Use Güter,Einzelbewilligung,Ausfuhr,2B001.a,7400
8032505,Deutschland,Dual Use Güter,Einzelbewilligung,Ausfuhr,2D002,2230
8032339,Deutschland,"Dual Use Güter
Dual Use Güter",Einzelbewilligung,Ausfuhr,"2B001.b
2B201.a",31000
8030874,Deutschland,Dual Use Güter,Einzelbewilligung,Ausfuhr,5D001.a,7310
8032283,Deutschland,Besondere militärische Güter,Einzelbewilligung,Ausfuhr,ML07.f1,5193
8032622,Deutschland,"Dual Use Güter
Dual Use Güter",Einzelbewilligung,Ausfuhr,"2B001.b
2B201.a",30094.8
8032034,Deutschland,Besondere militärische Güter,Einzelbewilligung,Ausfuhr,ML17.c,19154.7
8031472,Deutschland,Dual Use Güter,Einzelbewilligung,Ausfuhr,5D001.c,1
8032366,Deutschland,Dual Use Güter,Einzelbewilligung,Ausfuhr,5A002.a1,1664
8031684,Deutschland,Dual Use Güter,Einzelbewilligung,Ausfuhr,1A004.a,3757.01
8030822,Ekuador,Dual Use Güter,Einzelbewilligung,Ausfuhr,5D001.a,7310
8031988,Estland,Besondere militärische Güter,Einzelbewilligung,Ausfuhr,ML04.b,6048
8031988,Estland,Besondere militärische Güter,Einzelbewilligung,Ausfuhr,ML04.b,3535
8030699,Estland,Besondere militärische Güter,Einzelbewilligung,Ausfuhr,ML05,64944
8030699,Estland,Besondere militärische Güter,Einzelbewilligung,Ausfuhr,ML05.b,1452999
8031790,Frankreich (inkl. Monaco),Dual Use Güter,Einzelbewilligung,Ausfuhr,3A225,5962
8032084,Frankreich (inkl. Monaco),Dual Use Güter,Einzelbewilligung,Ausfuhr,5D001.a,13147.2
8032509,Frankreich (inkl. Monaco),"Dual Use Güter
Dual Use Güter",Einzelbewilligung,Ausfuhr,"2B001.b
2B201.a",25000
8032089,Frankreich (inkl. Monaco),Dual Use Güter,Einzelbewilligung,Ausfuhr,5A001.f1,41140
8032089,Frankreich (inkl. Monaco),Dual Use Güter,Einzelbewilligung,Ausfuhr,5A001.f1,32640
8032089,Frankreich (inkl. Monaco),Dual Use Güter,Einzelbewilligung,Ausfuhr,5D001.a,9996
8032089,Frankreich (inkl. Monaco),Dual Use Güter,Einzelbewilligung,Ausfuhr,5D001.a,9996
8032753,Frankreich (inkl. Monaco),Dual Use Güter,Einzelbewilligung,Ausfuhr,5A002.a1,1664
8032989,Ghana,National kontrollierte Güter,Einzelbewilligung,Ausfuhr,5.2,85000
8032989,Ghana,National kontrollierte Güter,Einzelbewilligung,Ausfuhr,5.2,85000
8031991,Ghana,National kontrollierte Güter,Einzelbewilligung,Ausfuhr,5.2,130000
8032925,Griechenland,Dual Use Güter,Einzelbewilligung,Ausfuhr,3A225,950
8032693,Grossbritannien,Dual Use Güter,Einzelbewilligung,Ausfuhr,2B352.d,42171.68
8031786,Grossbritannien,Dual Use Güter,Einzelbewilligung,Ausfuhr,5A002.a.1,8379
8031803,Grossbritannien,Dual Use Güter,Einzelbewilligung,Ausfuhr,5A002.a.1,9878
8032626,Grossbritannien,Besondere militärische Güter,Einzelbewilligung,Ausfuhr,ML10,2340
8032492,Grossbritannien,Dual Use Güter,Einzelbewilligung,Ausfuhr,2B352.d,155100
8031673,Hongkong,Dual Use Güter,Einzelbewilligung,Ausfuhr,3A001.A5A1,43500
8032756,Hongkong,Dual Use Güter,Einzelbewilligung,Ausfuhr,3A001.A2C,39900
8031449,Hongkong,Dual Use Güter,Einzelbewilligung,Ausfuhr,3A001.A5A1,7780
8032721,Indien,Dual Use Güter,Einzelbewilligung,Ausfuhr,2B350.i4,1800
8032312,Indien,Dual Use Güter,Einzelbewilligung,Ausfuhr,1E001,1
8032827,Indien,"Dual Use Güter
Dual Use Güter",Einzelbewilligung,Ausfuhr,"2B001.b.2
2B201.a.1",554880
8031467,Indien,Dual Use Güter,Einzelbewilligung,Ausfuhr,2B350.i4,11600
8031484,Indien,"Dual Use Güter
Dual Use Güter",Einzelbewilligung,Ausfuhr,"1C011.a
1C111.a2a",298448.4
8032654,Indonesien,National kontrollierte Güter,Einzelbewilligung,Ausfuhr,5.1,15072
8032654,Indonesien,National kontrollierte Güter,Einzelbewilligung,Ausfuhr,5.1,7536
8032654,Indonesien,National kontrollierte Güter,Einzelbewilligung,Ausfuhr,5.1,17013
8031657,Indonesien,Dual Use Güter,Einzelbewilligung,Ausfuhr,3A225,4354
8030907,Irak,Dual Use Güter,Einzelbewilligung,Ausfuhr,5A002.a1,2604
8032727,Iran,Sanktionsgüter,Einzelbewilligung,Ausfuhr,II.A1.003,1956
8032727,Iran,Sanktionsgüter,Einzelbewilligung,Ausfuhr,II.A1.003,2850
8032016,Iran,Sanktionsgüter,Einzelbewilligung,Ausfuhr,II.A1.003,28.19
8032016,Iran,Sanktionsgüter,Einzelbewilligung,Ausfuhr,II.A1.003,12.86
8032016,Iran,Sanktionsgüter,Einzelbewilligung,Ausfuhr,II.A1.003,63.68
8032558,Irland,Dual Use Güter,Einzelbewilligung,Ausfuhr,5A002.a.1,850
8031328,Israel,Dual Use Güter,Einzelbewilligung,Ausfuhr,6A005.d.1.a.2,18580
8032008,Israel,Dual Use Güter,Einzelbewilligung,Ausfuhr,9D004.e,1200
8031311,Israel,Dual Use Güter,Einzelbewilligung,Ausfuhr,6A005.d.1.a.2,5064
8031311,Israel,Dual Use Güter,Einzelbewilligung,Ausfuhr,6A005.d.1.a.2,5064
8032536,Israel,Besondere militärische Güter,Einzelbewilligung,Ausfuhr,ML17.h,8604
8032954,Israel,Besondere militärische Güter,Einzelbewilligung,Ausfuhr,ML17.c,2366
8032980,Israel,Besondere militärische Güter,Einzelbewilligung,Ausfuhr,ML17.c,2366
8031564,Israel,Besondere militärische Güter,Einzelbewilligung,Ausfuhr,ML13.a,6000
8032927,Israel,Dual Use Güter,Einzelbewilligung,Ausfuhr,1C010.e.2.a,14782.7
8032518,Israel,Dual Use Güter,Einzelbewilligung,Ausfuhr,6A005.d.1.a.2,1000
8032957,Israel,Dual Use Güter,Einzelbewilligung,Ausfuhr,2B350.b1,6100
8032970,Israel,Dual Use Güter,Einzelbewilligung,Ausfuhr,1E001,1
8033008,Italien,Dual Use Güter,Einzelbewilligung,Ausfuhr,2B350.g2,97300
8032428,Italien,Dual Use Güter,Einzelbewilligung,Ausfuhr,6A005.b3a2,99464
8032544,Italien,Dual Use Güter,Einzelbewilligung,Ausfuhr,5A002.a1,1664
8032692,Italien,Dual Use Güter,Einzelbewilligung,Ausfuhr,3A225,953.47
8032107,Italien,Dual Use Güter,Einzelbewilligung,Ausfuhr,2B350.g2,204083
8032178,Italien,Dual Use Güter,Einzelbewilligung,Ausfuhr,2B352.A2,54590
8032090,Italien,Dual Use Güter,Einzelbewilligung,Ausfuhr,2B352.A2,19600
8032073,Italien,"Dual Use Güter
Dual Use Güter",Einzelbewilligung,Ausfuhr,"2B001
2B201",35000
8032929,Italien,Dual Use Güter,Einzelbewilligung,Ausfuhr,2B352.A2,23322
8031599,Italien,Dual Use Güter,Einzelbewilligung,Ausfuhr,2B350.g2,88949.64
8032432,Italien,Dual Use Güter,Einzelbewilligung,Ausfuhr,2B350.g2,58619
8032354,Italien,Sanktionsgüter,Einzelbewilligung,Ausfuhr,2B352.A2,23872
8032474,Italien,Dual Use Güter,Einzelbewilligung,Ausfuhr,2B350.g2,4335
8032489,Italien,Dual Use Güter,Einzelbewilligung,Ausfuhr,2B001.a,14000
8032489,Italien,Dual Use Güter,Einzelbewilligung,Ausfuhr,2B001.a,20000
8031700,Jordanien,"Dual Use Güter
Dual Use Güter",Einzelbewilligung,Ausfuhr,"2B001.a
2B201.c",24195
8031596,Jordanien,"Dual Use Güter
Dual Use Güter",Einzelbewilligung,Ausfuhr,"2B001.b
2B201.a",12235
8031737,Jordanien,"Dual Use Güter
Dual Use Güter",Einzelbewilligung,Ausfuhr,"2B001.b
2B201.a",14722
8031865,Kanada,National kontrollierte Güter,Einzelbewilligung,Ausfuhr,5.1,200
8032105,Kanada,National kontrollierte Güter,Einzelbewilligung,Ausfuhr,5.1,280
8032105,Kanada,National kontrollierte Güter,Einzelbewilligung,Ausfuhr,5.1,380
8032105,Kanada,National kontrollierte Güter,Einzelbewilligung,Ausfuhr,5.1,6000
8032105,Kanada,National kontrollierte Güter,Einzelbewilligung,Ausfuhr,5.1,2430
8032105,Kanada,National kontrollierte Güter,Einzelbewilligung,Ausfuhr,5.1,15062
8032105,Kanada,National kontrollierte Güter,Einzelbewilligung,Ausfuhr,5.1,2200
8032105,Kanada,National kontrollierte Güter,Einzelbewilligung,Ausfuhr,5.1,820
8032105,Kanada,National kontrollierte Güter,Einzelbewilligung,Ausfuhr,5.1,1320
8032105,Kanada,National kontrollierte Güter,Einzelbewilligung,Ausfuhr,5.1,5310
8032105,Kanada,National kontrollierte Güter,Einzelbewilligung,Ausfuhr,5.1,185
8032105,Kanada,National kontrollierte Güter,Einzelbewilligung,Ausfuhr,5.1,1300
8032105,Kanada,National kontrollierte Güter,Einzelbewilligung,Ausfuhr,5.1,8400
8031602,Kenia,Dual Use Güter,Einzelbewilligung,Ausfuhr,2B352.d,433903
8031851,"Korea, Republik (Südkorea)",Besondere militärische Güter,Einzelbewilligung,Ausfuhr,ML07.f,20400
8032133,"Korea, Republik (Südkorea)",Besondere militärische Güter,Einzelbewilligung,Ausfuhr,ML07.f,13600
8032983,"Korea, Republik (Südkorea)",Chemikalien CWÜ,Einzelbewilligung,Ausfuhr,3B.17,44.9
8032393,"Korea, Republik (Südkorea)",Dual Use Güter,Einzelbewilligung,Ausfuhr,6A005.a6a,104854
8031038,Kosovo,Besondere militärische Güter,Einzelbewilligung,Ausfuhr,ML05.b,96780
8032738,Kosovo,Besondere militärische Güter,Einzelbewilligung,Ausfuhr,ML05.b,96780
8032924,Kroatien,Dual Use Güter,Einzelbewilligung,Ausfuhr,2B001.a,256150
8031710,Kroatien,"Dual Use Güter
Dual Use Güter",Einzelbewilligung,Ausfuhr,"2B001.b
2B201.a",17256
8032498,Kroatien,"Chemikalien CWÜ
Besondere militärische Güter",Einzelbewilligung,Ausfuhr,"1A.1
ML07.b.1.a",450
8032498,Kroatien,"Chemikalien CWÜ
Besondere militärische Güter",Einzelbewilligung,Ausfuhr,"1A.1
ML07.b.1.a",1050
8032498,Kroatien,"Chemikalien CWÜ
Besondere militärische Güter",Einzelbewilligung,Ausfuhr,"1A.3
ML07.b.1.c",550
8032498,Kroatien,"Chemikalien CWÜ
Besondere militärische Güter",Einzelbewilligung,Ausfuhr,"1A.1
ML07.b.1.a",450
8032498,Kroatien,"Chemikalien CWÜ
Besondere militärische Güter",Einzelbewilligung,Ausfuhr,"1A.2
ML07.b.1.b",550
8032265,Kroatien,Besondere militärische Güter,Einzelbewilligung,Ausfuhr,ML17.h,6845.7
8032227,Kuba,National kontrollierte Güter,Einzelbewilligung,Ausfuhr,5.2,70000
8032542,Kuba,Dual Use Güter,Einzelbewilligung,Ausfuhr,2B352.2A,48017
8032485,Kuwait,Dual Use Güter,Einzelbewilligung,Ausfuhr,5D002.c.1,1250
8032420,Litauen,Dual Use Güter,Einzelbewilligung,Ausfuhr,6A003.A3,1400000
8032142,Luxemburg,Dual Use Güter,Einzelbewilligung,Ausfuhr,5A002.a.1,5427
8032142,Luxemburg,Dual Use Güter,Einzelbewilligung,Ausfuhr,5D002.c1,18147
8032829,Luxemburg,Besondere militärische Güter,Einzelbewilligung,Ausfuhr,ML06,2077
8031940,Luxemburg,Besondere militärische Güter,Einzelbewilligung,Ausfuhr,ML06.a,11508
8032096,Malaysia,Dual Use Güter,Einzelbewilligung,Ausfuhr,3A002.g2,51233
8032886,Malaysia,Dual Use Güter,Einzelbewilligung,Ausfuhr,5A002.a.1,32764
8031883,Malaysia,Dual Use Güter,Einzelbewilligung,Ausfuhr,3A225,6600000
8032799,Malaysia,Besondere militärische Güter,Einzelbewilligung,Ausfuhr,ML17.h,355000
8033003,Mali,Dual Use Güter,Einzelbewilligung,Ausfuhr,5E002,1622
8030836,Marokko,Dual Use Güter,Einzelbewilligung,Ausfuhr,2B201.a,18000
8032473,Marokko,"Dual Use Güter
Dual Use Güter",Einzelbewilligung,Ausfuhr,"2B001.b
2B201.a",5400
8032473,Marokko,"Dual Use Güter
Dual Use Güter",Einzelbewilligung,Ausfuhr,"2B001.b
2B201.a",7000
8032657,Mexiko,"Dual Use Güter
Dual Use Güter",Einzelbewilligung,Ausfuhr,"2B001.b
2B201.a",929421.11
8031501,Mexiko,Dual Use Güter,Einzelbewilligung,Ausfuhr,2B352.d,15081.75
8032087,Mexiko,Besondere militärische Güter,Einzelbewilligung,Ausfuhr,ML10.c.2,436140
8031776,Mexiko,"Dual Use Güter
Dual Use Güter",Einzelbewilligung,Ausfuhr,"2B001.b
2B201.a",46443
8031776,Mexiko,"Dual Use Güter
Dual Use Güter",Einzelbewilligung,Ausfuhr,"2B001.b
2B201.a",24277
8031776,Mexiko,"Dual Use Güter
Dual Use Güter",Einzelbewilligung,Ausfuhr,"2B001.b
2B201.a",39054
8031682,Montenegro,Besondere militärische Güter,Einzelbewilligung,Ausfuhr,ML05.b,74956
8031345,Montenegro,National kontrollierte Güter,Einzelbewilligung,Ausfuhr,5.1,1790
8032857,Neuseeland,Dual Use Güter,Einzelbewilligung,Ausfuhr,5A002.a.1,6156.4
8032745,Neuseeland,National kontrollierte Güter,Einzelbewilligung,Ausfuhr,5.1,500
8032745,Neuseeland,National kontrollierte Güter,Einzelbewilligung,Ausfuhr,5.1,1250
8032745,Neuseeland,National kontrollierte Güter,Einzelbewilligung,Ausfuhr,5.1,800
8032745,Neuseeland,National kontrollierte Güter,Einzelbewilligung,Ausfuhr,5.1,800
8032745,Neuseeland,National kontrollierte Güter,Einzelbewilligung,Ausfuhr,5.1,1000
8032745,Neuseeland,National kontrollierte Güter,Einzelbewilligung,Ausfuhr,5.1,450
8032745,Neuseeland,National kontrollierte Güter,Einzelbewilligung,Ausfuhr,5.1,450
8032745,Neuseeland,National kontrollierte Güter,Einzelbewilligung,Ausfuhr,5.1,790
8032708,Niederlande,Dual Use Güter,Einzelbewilligung,Ausfuhr,6A005.a6a,80751
8031692,Niederlande,Dual Use Güter,Einzelbewilligung,Ausfuhr,5D001.c,1
8032969,Niederlande,Dual Use Güter,Einzelbewilligung,Ausfuhr,2B352.d,122424
8032365,Niederlande,Dual Use Güter,Einzelbewilligung,Ausfuhr,5A002.a1,1664
8032689,Nigeria,Dual Use Güter,Einzelbewilligung,Ausfuhr,3A225,841.14
8032309,Nigeria,Dual Use Güter,Einzelbewilligung,Ausfuhr,1E001,1
8031289,"Nordmazedonien, Republik","Dual Use Güter
Dual Use Güter",Einzelbewilligung,Ausfuhr,"1A002
1C010",47147
8032113,Norwegen,Besondere militärische Güter,Einzelbewilligung,Ausfuhr,ML07.f1,3139.5
8031600,Norwegen,Besondere militärische Güter,Einzelbewilligung,Ausfuhr,ML07.f1,3139.5
8032442,Norwegen,Besondere militärische Güter,Einzelbewilligung,Ausfuhr,ML07.f1,7280
8032259,Österreich,Dual Use Güter,Einzelbewilligung,Ausfuhr,5D001.c,1
8032977,Österreich,Dual Use Güter,Einzelbewilligung,Ausfuhr,2B350.i1,719.18
8032977,Österreich,Dual Use Güter,Einzelbewilligung,Ausfuhr,2B350.i1,5413.06
8032078,Österreich,"Dual Use Güter
Dual Use Güter",Einzelbewilligung,Ausfuhr,"2B001.b
2B201.a",133368
8031853,Pakistan,National kontrollierte Güter,Einzelbewilligung,Ausfuhr,5.1,21687
8031695,Pakistan,Dual Use Güter,Einzelbewilligung,Ausfuhr,1C350.64,21000
8028974,Pakistan,Dual Use Güter,Einzelbewilligung,Ausfuhr,5A001.f1,2569341
8032966,Peru,Dual Use Güter,Einzelbewilligung,Ausfuhr,9D004.e,2147
8032151,Philippinen,Dual Use Güter,Einzelbewilligung,Ausfuhr,3A002.g2,92117
8032082,Philippinen,Besondere militärische Güter,Einzelbewilligung,Ausfuhr,ML10.c.2,218070
8032390,Polen,Dual Use Güter,Einzelbewilligung,Ausfuhr,5A002.a1,1664
8032749,Portugal,Dual Use Güter,Einzelbewilligung,Ausfuhr,3A225,845
8032681,Portugal,Dual Use Güter,Einzelbewilligung,Ausfuhr,5A002.A.1,100
8032803,Portugal,Dual Use Güter,Einzelbewilligung,Ausfuhr,5A002.a1,1664
8031725,Portugal,Besondere militärische Güter,Einzelbewilligung,Ausfuhr,ML14,58200
8032205,Portugal,"Dual Use Güter
Dual Use Güter",Einzelbewilligung,Ausfuhr,"2B001.b
2B201.a",10900
8032608,Rumänien,"Dual Use Güter
Dual Use Güter",Einzelbewilligung,Ausfuhr,"2B001.a
2B201.c",45022
8032653,Rumänien,Dual Use Güter,Einzelbewilligung,Ausfuhr,9D004.e,1200
8031594,Rumänien,"Dual Use Güter
Dual Use Güter",Einzelbewilligung,Ausfuhr,"2B001.b
2B201.a",17093
8031594,Rumänien,"Dual Use Güter
Dual Use Güter",Einzelbewilligung,Ausfuhr,"2B001.b
2B201.a",46286
8032408,Rumänien,"Dual Use Güter
Dual Use Güter",Einzelbewilligung,Ausfuhr,"2B001.b
2B201.a",12608.82
8031714,Rumänien,"Dual Use Güter
Dual Use Güter",Einzelbewilligung,Ausfuhr,"2B001.b
2B201.a",9180
8031512,Rumänien,Besondere militärische Güter,Einzelbewilligung,Ausfuhr,ML17.c,963.75
8032636,Russische Föderation,Dual Use Güter,Einzelbewilligung,Ausfuhr,2B350.D3,13801.32
8031537,Russische Föderation,Dual Use Güter,Einzelbewilligung,Ausfuhr,2B350.g2,868
8031537,Russische Föderation,Dual Use Güter,Einzelbewilligung,Ausfuhr,2B350.g2,2066
8031537,Russische Föderation,Dual Use Güter,Einzelbewilligung,Ausfuhr,2B350.g2,2762
8031537,Russische Föderation,Dual Use Güter,Einzelbewilligung,Ausfuhr,2B350.g2,1371
8032165,Russische Föderation,Dual Use Güter,Einzelbewilligung,Ausfuhr,2B230,1533
8032165,Russische Föderation,Dual Use Güter,Einzelbewilligung,Ausfuhr,2B230,1636
8032851,Russische Föderation,Dual Use Güter,Einzelbewilligung,Ausfuhr,9D004.e,1200
8032709,Russische Föderation,Dual Use Güter,Einzelbewilligung,Ausfuhr,3A002.g1,153305
8031440,Russische Föderation,Dual Use Güter,Einzelbewilligung,Ausfuhr,3A001.g,11022
8031283,Russische Föderation,Dual Use Güter,Einzelbewilligung,Ausfuhr,6A003.b4b,200500
8032719,Russische Föderation,"Dual Use Güter
Dual Use Güter",Einzelbewilligung,Ausfuhr,"1C210
1C010",18956.61
8031658,Russische Föderation,Dual Use Güter,Einzelbewilligung,Ausfuhr,3A001.b.10.a,433888
8031671,Russische Föderation,Dual Use Güter,Einzelbewilligung,Ausfuhr,2B350.g2,1075
8032887,Russische Föderation,"Dual Use Güter
Dual Use Güter",Einzelbewilligung,Ausfuhr,"1C210
1C010",4323
8032438,Russische Föderation,Dual Use Güter,Einzelbewilligung,Ausfuhr,2B350.i,4849.85
8032379,Russische Föderation,Dual Use Güter,Einzelbewilligung,Ausfuhr,3A002.h.1.d,25200
8028832,Russische Föderation,"Dual Use Güter
Dual Use Güter",Einzelbewilligung,Ausfuhr,"2B001.c
2B201.b",1902685
8028832,Russische Föderation,"Dual Use Güter
Dual Use Güter",Einzelbewilligung,Ausfuhr,"2B001.c
2B201.b",1902685
8031763,Russische Föderation,Dual Use Güter,Einzelbewilligung,Ausfuhr,2B350.g2,125
8031763,Russische Föderation,Dual Use Güter,Einzelbewilligung,Ausfuhr,2B350.g2,241
8032736,Russische Föderation,Dual Use Güter,Einzelbewilligung,Ausfuhr,9D004.e,1200
8031429,Russische Föderation,"Dual Use Güter
Dual Use Güter",Einzelbewilligung,Ausfuhr,"1C210.a
1C010.b1",123998.09
8031681,Russische Föderation,Dual Use Güter,Einzelbewilligung,Ausfuhr,2B350.g2,1532
8032496,Russische Föderation,"Dual Use Güter
Dual Use Güter",Einzelbewilligung,Ausfuhr,"1C010.a
1C010.b1",17665.32
8032835,Russische Föderation,Dual Use Güter,Einzelbewilligung,Ausfuhr,2B350.g2,669
8031620,Russische Föderation,Dual Use Güter,Einzelbewilligung,Ausfuhr,2B201.c,195000
8032466,Russische Föderation,Dual Use Güter,Einzelbewilligung,Ausfuhr,2B230,1434
8032380,Russische Föderation,Dual Use Güter,Einzelbewilligung,Ausfuhr,2B350.D3,13801.32
8031727,Russische Föderation,Dual Use Güter,Einzelbewilligung,Ausfuhr,2B350.g2,4461
8031727,Russische Föderation,Dual Use Güter,Einzelbewilligung,Ausfuhr,2B350.g2,2834
8031727,Russische Föderation,Dual Use Güter,Einzelbewilligung,Ausfuhr,2B350.g2,5615
8032678,Russische Föderation,Dual Use Güter,Einzelbewilligung,Ausfuhr,2B230,682
8032932,Russische Föderation,Dual Use Güter,Einzelbewilligung,Ausfuhr,2B350.g2,1354
8032932,Russische Föderation,Dual Use Güter,Einzelbewilligung,Ausfuhr,2B350.g2,613
8032932,Russische Föderation,Dual Use Güter,Einzelbewilligung,Ausfuhr,2B350.g2,1933
8032932,Russische Föderation,Dual Use Güter,Einzelbewilligung,Ausfuhr,2B350.g2,280
8032932,Russische Föderation,Dual Use Güter,Einzelbewilligung,Ausfuhr,2B350.g2,391
8032057,Russische Föderation,Dual Use Güter,Einzelbewilligung,Ausfuhr,2B230,843
8031520,Russische Föderation,Dual Use Güter,Einzelbewilligung,Ausfuhr,2B350.g2,2868
8031520,Russische Föderation,Dual Use Güter,Einzelbewilligung,Ausfuhr,2B350.g2,5083
8031587,Russische Föderation,Dual Use Güter,Einzelbewilligung,Ausfuhr,2B350.g2,148
8033012,Russische Föderation,Dual Use Güter,Einzelbewilligung,Ausfuhr,2B350.g2,795
8030896,Russische Föderation,Dual Use Güter,Einzelbewilligung,Ausfuhr,2B350.i,12882.45
8031905,Russische Föderation,Dual Use Güter,Einzelbewilligung,Ausfuhr,2B230,1151
8032353,Russische Föderation,Dual Use Güter,Einzelbewilligung,Ausfuhr,2B350.g2,454
8031895,Russische Föderation,Dual Use Güter,Einzelbewilligung,Ausfuhr,9E003.c,35000
8031895,Russische Föderation,Dual Use Güter,Einzelbewilligung,Ausfuhr,2E003.f,85000
8032125,Russische Föderation,Dual Use Güter,Einzelbewilligung,Ausfuhr,2B350.g2,6329.91
8032125,Russische Föderation,Dual Use Güter,Einzelbewilligung,Ausfuhr,2B350.g2,368.93
8032125,Russische Föderation,Dual Use Güter,Einzelbewilligung,Ausfuhr,2B350.g2,2524.39
8032162,Russische Föderation,Dual Use Güter,Einzelbewilligung,Ausfuhr,2B350.g2,480
8032434,Russische Föderation,Dual Use Güter,Einzelbewilligung,Ausfuhr,2B001.a,233800
8032667,Russische Föderation,Dual Use Güter,Einzelbewilligung,Ausfuhr,2B230,823
8032667,Russische Föderation,Dual Use Güter,Einzelbewilligung,Ausfuhr,2B230,823
8031765,Russische Föderation,Dual Use Güter,Einzelbewilligung,Ausfuhr,2B350.g2,2287
8032675,Russische Föderation,"Dual Use Güter
Dual Use Güter",Einzelbewilligung,Ausfuhr,"2B001.b
2B201.a",287480
8031894,Russische Föderation,Dual Use Güter,Einzelbewilligung,Ausfuhr,2B230,289.15
8031894,Russische Föderation,Dual Use Güter,Einzelbewilligung,Ausfuhr,2B230,289.2
8031894,Russische Föderation,Dual Use Güter,Einzelbewilligung,Ausfuhr,2B230,289.15
8031894,Russische Föderation,Dual Use Güter,Einzelbewilligung,Ausfuhr,2B230,289.15
8031894,Russische Föderation,Dual Use Güter,Einzelbewilligung,Ausfuhr,2B230,289.15
8031894,Russische Föderation,Dual Use Güter,Einzelbewilligung,Ausfuhr,2B230,289.15
8031941,Russische Föderation,Dual Use Güter,Einzelbewilligung,Ausfuhr,3A225,5353.18
8032179,Russische Föderation,"Dual Use Güter
Dual Use Güter",Einzelbewilligung,Ausfuhr,"2B201.c
2B001.a",7900
8032755,Russische Föderation,Dual Use Güter,Einzelbewilligung,Ausfuhr,2B350.i,6390.3
8032154,Russische Föderation,Dual Use Güter,Einzelbewilligung,Ausfuhr,2B350.g2,1197.93
8032154,Russische Föderation,Dual Use Güter,Einzelbewilligung,Ausfuhr,2B350.g2,1427.91
8032504,Russische Föderation,Dual Use Güter,Einzelbewilligung,Ausfuhr,2B350.g2,1786
8032504,Russische Föderation,Dual Use Güter,Einzelbewilligung,Ausfuhr,2B350.g2,217
8032504,Russische Föderation,Dual Use Güter,Einzelbewilligung,Ausfuhr,2B350.g2,5549
8032771,Russische Föderation,Chemikalien CWÜ,Einzelbewilligung,Ausfuhr,3B.17,224.87
8032435,Russische Föderation,Dual Use Güter,Einzelbewilligung,Ausfuhr,2B230,823
8032435,Russische Föderation,Dual Use Güter,Einzelbewilligung,Ausfuhr,2B230,682
8032961,Russische Föderation,Dual Use Güter,Einzelbewilligung,Ausfuhr,2B350.g2,322
8032961,Russische Föderation,Dual Use Güter,Einzelbewilligung,Ausfuhr,2B350.g2,785
8032951,Russische Föderation,Dual Use Güter,Einzelbewilligung,Ausfuhr,2B350.g2,1208
8032951,Russische Föderation,Dual Use Güter,Einzelbewilligung,Ausfuhr,2B350.g2,922
8031626,Russische Föderation,Dual Use Güter,Einzelbewilligung,Ausfuhr,2B350.g2,402
8032643,Russische Föderation,Dual Use Güter,Einzelbewilligung,Ausfuhr,9D004.e,1200
8031686,Russische Föderation,Dual Use Güter,Einzelbewilligung,Ausfuhr,2B350.g2,1476
8031686,Russische Föderation,Dual Use Güter,Einzelbewilligung,Ausfuhr,2B350.g2,1566
8031745,Russische Föderation,Dual Use Güter,Einzelbewilligung,Ausfuhr,2B350.g2,148
8032611,Russische Föderation,Dual Use Güter,Einzelbewilligung,Ausfuhr,2B350.g2,2202
8032006,Russische Föderation,"Dual Use Güter
Dual Use Güter",Einzelbewilligung,Ausfuhr,"2B001.b
2B201.a",249480
8032933,Russische Föderation,Dual Use Güter,Einzelbewilligung,Ausfuhr,2B230,823
8032933,Russische Föderation,Dual Use Güter,Einzelbewilligung,Ausfuhr,2B230,823
8032384,Russische Föderation,Dual Use Güter,Einzelbewilligung,Ausfuhr,2B231,160000
8032372,Sambia,Dual Use Güter,Einzelbewilligung,Ausfuhr,9D004.e,1400
8032291,Saudi-Arabien,National kontrollierte Güter,Einzelbewilligung,Ausfuhr,5.2,240000
8031855,Schweden,Dual Use Güter,Einzelbewilligung,Ausfuhr,3A225,13200000
8032984,Schweiz,Dual Use Güter,Einzelbewilligung,Ausfuhr,3A001.a1a,1000
8032032,Schweiz,Besondere militärische Güter,Einzelbewilligung,Ausfuhr,ML10.c,330
8032032,Schweiz,Besondere militärische Güter,Einzelbewilligung,Ausfuhr,ML21.a,1000
8031816,Schweiz,Besondere militärische Güter,Einzelbewilligung,Ausfuhr,ML10,200000
8031816,Schweiz,Besondere militärische Güter,Einzelbewilligung,Ausfuhr,ML10,7000000
8032882,Schweiz,National kontrollierte Güter,Einzelbewilligung,Ausfuhr,5.1,200
8032716,Schweiz,Dual Use Güter,Einzelbewilligung,Ausfuhr,3A001.a1a,1320
8032854,Schweiz,Dual Use Güter,Einzelbewilligung,Ausfuhr,3A001.a1a,21600
8032020,Schweiz,Besondere militärische Güter,Einzelbewilligung,Ausfuhr,ML06,200000
8031275,Schweiz,Besondere militärische Güter,Einzelbewilligung,Ausfuhr,ML14,3550
8031275,Schweiz,Besondere militärische Güter,Einzelbewilligung,Ausfuhr,ML14,190
8031275,Schweiz,Besondere militärische Güter,Einzelbewilligung,Ausfuhr,ML14,1365
8031275,Schweiz,Besondere militärische Güter,Einzelbewilligung,Ausfuhr,ML14,255
8031275,Schweiz,Besondere militärische Güter,Einzelbewilligung,Ausfuhr,ML14,129
8031275,Schweiz,Besondere militärische Güter,Einzelbewilligung,Ausfuhr,ML14,240
8031275,Schweiz,Besondere militärische Güter,Einzelbewilligung,Ausfuhr,ML14,1949
8032682,Schweiz,Dual Use Güter,Einzelbewilligung,Ausfuhr,3A001.a1a,2613.6
8032682,Schweiz,Dual Use Güter,Einzelbewilligung,Ausfuhr,3A001.a1a,565.92
8032853,Schweiz,"Dual Use Güter
Dual Use Güter",Einzelbewilligung,Ausfuhr,"3A001
3A001.a.1.a",7200
8031212,Schweiz,Besondere militärische Güter,Einzelbewilligung,Ausfuhr,ML14,90
8032621,Serbien,"Dual Use Güter
Dual Use Güter",Einzelbewilligung,Ausfuhr,"2B001.b
2B201.a",3800
8032804,Serbien,"Dual Use Güter
Dual Use Güter",Einzelbewilligung,Ausfuhr,"2B001.a
2B201.c",2682
8032311,Serbien,Dual Use Güter,Einzelbewilligung,Ausfuhr,1E001,1
8031724,Serbien,"Dual Use Güter
Dual Use Güter",Einzelbewilligung,Ausfuhr,"2B001.a
2B201.c",9237
8032991,Serbien,"Dual Use Güter
Dual Use Güter",Einzelbewilligung,Ausfuhr,"2B001.a
2B201.c",1000
8032605,Serbien,Dual Use Güter,Einzelbewilligung,Ausfuhr,9D004.e,1050
8032778,Serbien,Dual Use Güter,Einzelbewilligung,Ausfuhr,1A004.a,22.4
8032778,Serbien,Dual Use Güter,Einzelbewilligung,Ausfuhr,1A004.a,904.95
8032778,Serbien,Dual Use Güter,Einzelbewilligung,Ausfuhr,1A004.a,7.45
8032778,Serbien,Dual Use Güter,Einzelbewilligung,Ausfuhr,1E001,1
8031705,Serbien,National kontrollierte Güter,Einzelbewilligung,Ausfuhr,5.1,750
8031705,Serbien,National kontrollierte Güter,Einzelbewilligung,Ausfuhr,5.1,400
8031705,Serbien,National kontrollierte Güter,Einzelbewilligung,Ausfuhr,5.1,100
8031705,Serbien,National kontrollierte Güter,Einzelbewilligung,Ausfuhr,5.1,250
8031705,Serbien,National kontrollierte Güter,Einzelbewilligung,Ausfuhr,5.1,2000
8031705,Serbien,National kontrollierte Güter,Einzelbewilligung,Ausfuhr,5.1,500
8031705,Serbien,National kontrollierte Güter,Einzelbewilligung,Ausfuhr,5.1,300
8031705,Serbien,National kontrollierte Güter,Einzelbewilligung,Ausfuhr,5.1,450
8031705,Serbien,National kontrollierte Güter,Einzelbewilligung,Ausfuhr,5.1,250
8031705,Serbien,National kontrollierte Güter,Einzelbewilligung,Ausfuhr,5.1,100
8032650,Serbien,Dual Use Güter,Einzelbewilligung,Ausfuhr,2B201.a,3221.65
8032111,Serbien,Besondere militärische Güter,Einzelbewilligung,Ausfuhr,ML05.b,18878
8032111,Serbien,Besondere militärische Güter,Einzelbewilligung,Ausfuhr,ML05.b,230223
8032111,Serbien,Besondere militärische Güter,Einzelbewilligung,Ausfuhr,ML05.b,163031
8031631,Singapur,Dual Use Güter,Einzelbewilligung,Ausfuhr,5A002.c,100000
8032858,Singapur,Dual Use Güter,Einzelbewilligung,Ausfuhr,2B005.d1,9747.63
8032340,Singapur,Dual Use Güter,Einzelbewilligung,Ausfuhr,3A001.B3,20
8032728,Singapur,"Chemikalien CWÜ
Dual Use Güter",Einzelbewilligung,Ausfuhr,"3B.14
1C350.9",5732
8032757,Slowakische Republik,Besondere militärische Güter,Einzelbewilligung,Ausfuhr,ML06,200000
8031719,Slowakische Republik,Dual Use Güter,Einzelbewilligung,Ausfuhr,9D004.e,1200
8032967,Slowenien,Besondere militärische Güter,Einzelbewilligung,Ausfuhr,ML17.h,190
8032033,Slowenien,Besondere militärische Güter,Einzelbewilligung,Ausfuhr,ML05,121600
8032430,Slowenien,Besondere militärische Güter,Einzelbewilligung,Ausfuhr,ML05.b,3500
8032884,Slowenien,Besondere militärische Güter,Einzelbewilligung,Ausfuhr,ML03,25500
8032884,Slowenien,"Besondere militärische Güter
Besondere militärische Güter",Einzelbewilligung,Ausfuhr,"ML03
ML03",9000
8032281,Spanien,Besondere militärische Güter,Einzelbewilligung,Ausfuhr,ML07.f1,855.6
8032229,Spanien,Dual Use Güter,Einzelbewilligung,Ausfuhr,1A004.b,1569.1
8032926,Spanien,Dual Use Güter,Einzelbewilligung,Ausfuhr,6A005.b3a2,99464
8032566,Südafrika,Dual Use Güter,Einzelbewilligung,Ausfuhr,1E001,1
8032651,Südafrika,Dual Use Güter,Einzelbewilligung,Ausfuhr,2B352.b,465824.55
8032963,Suriname,Dual Use Güter,Einzelbewilligung,Ausfuhr,9D004.e,2026
8032988,Thailand,National kontrollierte Güter,Einzelbewilligung,Ausfuhr,5.1,10697
8032988,Thailand,National kontrollierte Güter,Einzelbewilligung,Ausfuhr,5.1,12845
8032988,Thailand,National kontrollierte Güter,Einzelbewilligung,Ausfuhr,5.1,6278
8032463,Thailand,Besondere militärische Güter,Einzelbewilligung,Ausfuhr,ML15,146933
8032959,Thailand,National kontrollierte Güter,Einzelbewilligung,Ausfuhr,5.1,20909
8032453,Thailand,Dual Use Güter,Einzelbewilligung,Ausfuhr,2B352.A2,47915
8032642,Türkei,Dual Use Güter,Einzelbewilligung,Ausfuhr,2B201.a,2000
8032361,Türkei,"Dual Use Güter
Dual Use Güter",Einzelbewilligung,Ausfuhr,"2B201.a
2B001.b",2500
8032361,Türkei,"Dual Use Güter
Dual Use Güter",Einzelbewilligung,Ausfuhr,"2B201.a
2B001.b",3500
8032361,Türkei,Dual Use Güter,Einzelbewilligung,Ausfuhr,2B001.d,2000
8032361,Türkei,"Dual Use Güter
Dual Use Güter",Einzelbewilligung,Ausfuhr,"2B201.a
2B001.b",2500
8032361,Türkei,"Dual Use Güter
Dual Use Güter",Einzelbewilligung,Ausfuhr,"2B201.a
2B001.b",3000
8032975,Türkei,"Dual Use Güter
Dual Use Güter",Einzelbewilligung,Ausfuhr,"2B001.b
2B201.a",13177
8032641,Türkei,Dual Use Güter,Einzelbewilligung,Ausfuhr,2B201.a,4500
8032974,Türkei,Dual Use Güter,Einzelbewilligung,Ausfuhr,2B201.a,10000
8032974,Türkei,Dual Use Güter,Einzelbewilligung,Ausfuhr,2B001.a,8000
8032640,Türkei,Dual Use Güter,Einzelbewilligung,Ausfuhr,2B001.a,3000
8032888,Türkei,"Dual Use Güter
Dual Use Güter",Einzelbewilligung,Ausfuhr,"2B001.b
2B201.a",23500
8032802,Türkei,Dual Use Güter,Einzelbewilligung,Ausfuhr,2B001.a,4550
8032522,Türkei,"Dual Use Güter
Dual Use Güter",Einzelbewilligung,Ausfuhr,"2B001.b
2B201.a",42300
8032588,Türkei,"Dual Use Güter
Dual Use Güter",Einzelbewilligung,Ausfuhr,"2B001.a
2B201.c",4270
8032588,Türkei,"Dual Use Güter
Dual Use Güter",Einzelbewilligung,Ausfuhr,"2B001.a
2B201.c",4270
8032268,Türkei,"Dual Use Güter
Dual Use Güter",Einzelbewilligung,Ausfuhr,"2B001.b
2B201.a",3000
8032673,Türkei,"Dual Use Güter
Dual Use Güter",Einzelbewilligung,Ausfuhr,"2B001.b
2B201.a",15600
8030959,Ukraine,"Dual Use Güter
Dual Use Güter",Einzelbewilligung,Ausfuhr,"2B120
7B003",700000
8032842,Ukraine,"Dual Use Güter
Dual Use Güter",Einzelbewilligung,Ausfuhr,"3A225
1A001",1868.25
8032841,Ukraine,Dual Use Güter,Einzelbewilligung,Ausfuhr,3A225,1868.25
8031699,Ukraine,Dual Use Güter,Einzelbewilligung,Ausfuhr,2B352.d,35241
8031595,Ukraine,"Dual Use Güter
Dual Use Güter",Einzelbewilligung,Ausfuhr,"2B001.b
2B201.a",4285
8032676,Ukraine,Dual Use Güter,Einzelbewilligung,Ausfuhr,3A225,4185
8032758,Ukraine,"Dual Use Güter
Dual Use Güter",Einzelbewilligung,Ausfuhr,"2B001.b
2B201.a",261205
8032108,Ukraine,"Chemikalien CWÜ
Dual Use Güter",Einzelbewilligung,Ausfuhr,"3B.14
1C350.9",3477
8032295,Ukraine,Dual Use Güter,Einzelbewilligung,Ausfuhr,2B350.g2,10813
8031909,Ukraine,"Chemikalien CWÜ
Dual Use Güter",Einzelbewilligung,Ausfuhr,"3B.14
1C350.9",10990
8032637,Ukraine,"Dual Use Güter
Dual Use Güter",Einzelbewilligung,Ausfuhr,"2B001.b
2B201.a",536323
8031922,Ukraine,Dual Use Güter,Einzelbewilligung,Ausfuhr,2B001.a,13125
8031766,Ukraine,"Dual Use Güter
Dual Use Güter",Einzelbewilligung,Ausfuhr,"2B001.b
2B201.a",11390
8032868,Ukraine,National kontrollierte Güter,Einzelbewilligung,Ausfuhr,5.1,12822
8032868,Ukraine,National kontrollierte Güter,Einzelbewilligung,Ausfuhr,5.1,3124
8031610,Ukraine,"Dual Use Güter
Dual Use Güter",Einzelbewilligung,Ausfuhr,"2B001.b
2B201.a",23500
8031560,Ungarn,"Dual Use Güter
Dual Use Güter",Einzelbewilligung,Ausfuhr,"2B201.a
2B001.b",9500
8032195,Ungarn,Dual Use Güter,Einzelbewilligung,Ausfuhr,5D001.c,1
8032881,Ungarn,"Dual Use Güter
Dual Use Güter",Einzelbewilligung,Ausfuhr,"2B201.a
2B001.b",5250
8032494,Uruguay,"Dual Use Güter
Dual Use Güter",Einzelbewilligung,Ausfuhr,"2B001.a
2B201.c",60000
8031189,Vereinigte Staaten von Amerika,National kontrollierte Güter,Einzelbewilligung,Ausfuhr,5.1,100
8031926,Vereinigte Staaten von Amerika,National kontrollierte Güter,Einzelbewilligung,Ausfuhr,5.1,360
8031926,Vereinigte Staaten von Amerika,National kontrollierte Güter,Einzelbewilligung,Ausfuhr,5.1,570
8031019,Vereinigte Staaten von Amerika,Dual Use Güter,Einzelbewilligung,Ausfuhr,5D001.a,51170
8031845,Vereinigte Staaten von Amerika,Besondere militärische Güter,Einzelbewilligung,Ausfuhr,ML07.f1,5420
8032167,Vereinigte Staaten von Amerika,National kontrollierte Güter,Einzelbewilligung,Ausfuhr,5.1,435
8032167,Vereinigte Staaten von Amerika,National kontrollierte Güter,Einzelbewilligung,Ausfuhr,5.1,1129
8032167,Vereinigte Staaten von Amerika,National kontrollierte Güter,Einzelbewilligung,Ausfuhr,5.1,475
8032167,Vereinigte Staaten von Amerika,National kontrollierte Güter,Einzelbewilligung,Ausfuhr,5.1,248.7
8032167,Vereinigte Staaten von Amerika,National kontrollierte Güter,Einzelbewilligung,Ausfuhr,5.1,375
8032167,Vereinigte Staaten von Amerika,National kontrollierte Güter,Einzelbewilligung,Ausfuhr,5.1,395
8032167,Vereinigte Staaten von Amerika,National kontrollierte Güter,Einzelbewilligung,Ausfuhr,5.1,210
8032167,Vereinigte Staaten von Amerika,National kontrollierte Güter,Einzelbewilligung,Ausfuhr,5.1,365
8032167,Vereinigte Staaten von Amerika,National kontrollierte Güter,Einzelbewilligung,Ausfuhr,5.1,507
8032167,Vereinigte Staaten von Amerika,National kontrollierte Güter,Einzelbewilligung,Ausfuhr,5.1,965
8031466,Vereinigte Staaten von Amerika,Besondere militärische Güter,Einzelbewilligung,Ausfuhr,ML07.f1,3888
8031946,Vereinigte Staaten von Amerika,Dual Use Güter,Einzelbewilligung,Ausfuhr,4A003.g,2263.5
8032126,Vereinigte Staaten von Amerika,"Dual Use Güter
Dual Use Güter",Einzelbewilligung,Ausfuhr,"2B001.C
2B201.B",314800
8032493,Vereinigte Staaten von Amerika,Dual Use Güter,Einzelbewilligung,Ausfuhr,5A002.a.1,90000
8031419,Vereinigte Staaten von Amerika,National kontrollierte Güter,Einzelbewilligung,Ausfuhr,5.1,95
8031419,Vereinigte Staaten von Amerika,National kontrollierte Güter,Einzelbewilligung,Ausfuhr,5.1,218.5
8032320,Vereinigte Staaten von Amerika,National kontrollierte Güter,Einzelbewilligung,Ausfuhr,5.1,225
8032320,Vereinigte Staaten von Amerika,National kontrollierte Güter,Einzelbewilligung,Ausfuhr,5.1,80
8032320,Vereinigte Staaten von Amerika,National kontrollierte Güter,Einzelbewilligung,Ausfuhr,5.1,280
8032320,Vereinigte Staaten von Amerika,National kontrollierte Güter,Einzelbewilligung,Ausfuhr,5.1,1400
8032320,Vereinigte Staaten von Amerika,National kontrollierte Güter,Einzelbewilligung,Ausfuhr,5.1,300
8032320,Vereinigte Staaten von Amerika,National kontrollierte Güter,Einzelbewilligung,Ausfuhr,5.1,200
8032320,Vereinigte Staaten von Amerika,National kontrollierte Güter,Einzelbewilligung,Ausfuhr,5.1,800
8031409,Vietnam,Besondere militärische Güter,Einzelbewilligung,Ausfuhr,ML05.b,64040
8031410,Vietnam,Besondere militärische Güter,Einzelbewilligung,Ausfuhr,ML05.b,281035
8031402,Vietnam,Besondere militärische Güter,Einzelbewilligung,Ausfuhr,ML05.b,140517
8032941,Zypern,Dual Use Güter,Einzelbewilligung,Ausfuhr,3A002.d3b,15980
